Dataset,Accuracy
BeerAdvo-RateBeer,0.7802197815297724
iTunes-Amazon,0.7522935807158094
Fodors-Zagats,0.873015874277347
DBLP-ACM,0.8726243429756627
DBLP-Scholar,
Amazon-Google,0.8922808549833569
Walmart-Amazon,0.9058077110785749